Date,AAPL,AMGN,AMZN,AXP,BA,CAT,CRM,CSCO,CVX,DIS,GS,HD,HON,IBM,JNJ,JPM,KO,MCD,MMM,MRK,MSFT,NKE,NVDA,PG,SHW,TRV,UNH,V,VZ,WMT
2025-06-02,201.27622985839844,284.1222229003906,206.64999389648438,293.8417053222656,211.47000122070312,342.4281921386719,260.751708984375,63.0873908996582,134.81674194335938,112.47037506103516,595.531982421875,363.62445068359375,210.19447326660156,260.69036865234375,154.2676544189453,262.1167297363281,70.94758605957031,310.91485595703125,145.1031494140625,74.75568389892578,460.3502197265625,61.25168228149414,137.3627166748047,165.4832000732422,353.844970703125,274.0981750488281,300.6751708984375,363.9573974609375,42.664886474609375,99.53751373291016
2025-06-03,202.8429412841797,285.2056579589844,205.7100067138672,295.891357421875,213.42999267578125,347.1274108886719,263.59228515625,63.59130096435547,136.4892578125,113.11762237548828,600.6148071289062,368.68414306640625,211.35951232910156,261.9745788574219,153.2947998046875,263.71124267578125,70.119873046875,310.6264953613281,146.81785583496094,75.62824249267578,461.3466796875,62.04754638671875,141.2022247314453,164.56593322753906,356.1545715332031,273.8303527832031,297.22161865234375,364.495361328125,42.4036750793457,99.74703216552734
2025-06-04,202.3938751220703,282.6842346191406,207.22999572753906,294.43865966796875,211.97999572753906,347.057861328125,262.2966003417969,63.62093734741211,134.35707092285156,113.00808715820312,596.0194091796875,368.01214599609375,211.99330139160156,262.2906799316406,152.10354614257812,261.68096923828125,70.32679748535156,309.8111267089844,145.50953674316406,76.73609161376953,462.2435302734375,62.44548034667969,141.9021453857422,163.67823791503906,360.59454345703125,269.6545104980469,296.3927917480469,366.6274108886719,41.83287811279297,99.11849212646484
2025-06-05,200.20848083496094,282.7728576660156,207.91000366210938,294.4685363769531,209.02000427246094,346.69024658203125,266.2534484863281,63.84819412231445,133.89736938476562,112.05216217041016,602.6538696289062,367.19677734375,211.2663116455078,263.6143798828125,152.54034423828125,259.43280029296875,69.87351989746094,307.2357482910156,144.96441650390625,76.09884643554688,466.0401611328125,62.34599685668945,139.97239685058594,160.5713653564453,356.2740478515625,268.8213195800781,291.9130554199219,365.4019775390625,41.89091873168945,97.73173522949219
2025-06-06,203.49156188964844,285.95416259765625,213.57000732421875,300.94573974609375,210.8000030517578,351.0517272949219,273.5989685058594,65.27098846435547,137.13478088378906,113.41635131835938,610.7306518554688,365.2577819824219,213.23292541503906,265.59991455078125,153.90036010742188,263.17645263671875,70.30708312988281,305.6248779296875,144.21115112304688,77.4223861694336,468.7307434082031,62.47532272338867,141.70216369628906,161.77467346191406,355.8758239746094,271.4696960449219,299.195068359375,368.839111328125,42.37464904785156,97.24288177490234
2025-06-09,201.02674865722656,285.60943603515625,216.97999572753906,300.0403137207031,217.50999450683594,355.74102783203125,271.3464660644531,65.11290740966797,137.67271423339844,115.16887664794922,610.2532348632812,363.1398010253906,211.69505310058594,268.7708740234375,154.09889221191406,264.1767272949219,70.72093963623047,303.0594482421875,142.95237731933594,77.77532958984375,471.0924072265625,61.589927673339844,142.612060546875,160.33465576171875,356.3437194824219,265.60760498046875,299.1654968261719,365.2923889160156,42.22953414916992,97.2229232788086
2025-06-10,202.24420166015625,289.0074462890625,217.61000061035156,298.0105895996094,215.72999572753906,356.2377624511719,267.329833984375,64.37186431884766,140.20591735839844,118.22583770751953,611.5960083007812,365.83453369140625,210.88417053222656,272.8802795410156,155.3100128173828,266.0188903808594,71.29246520996094,298.7340087890625,143.7750244140625,79.75574493408203,469.26885986328125,63.539791107177734,143.94189453125,160.61082458496094,359.1112365722656,261.9424133300781,299.75750732421875,369.3173522949219,42.693912506103516,97.09322357177734
2025-06-11,198.36236572265625,287.411865234375,213.1999969482422,297.59271240234375,214.0,360.7780456542969,265.0274963378906,63.42333221435547,141.6045379638672,119.01248168945312,620.8464965820312,358.4265441894531,210.4740753173828,278.0960693359375,154.12867736816406,265.5732116699219,71.01655578613281,300.0167236328125,145.87625122070312,78.74592590332031,470.9628601074219,62.783721923828125,142.8219451904297,159.8908233642578,355.52740478515625,260.2193603515625,306.4376525878906,371.9176025390625,42.31660461425781,95.57677459716797
2025-06-12,198.78147888183594,292.80926513671875,213.24000549316406,296.48828125,203.75,358.6122131347656,266.0242004394531,64.32246398925781,141.79037475585938,118.1063461303711,621.781494140625,361.111328125,210.68844604492188,277.6120300292969,155.5184783935547,265.6623229980469,71.18407440185547,301.4486083984375,143.48760986328125,80.2165298461914,477.1909484863281,62.47532272338867,144.9918212890625,160.94615173339844,354.6015930175781,264.88055419921875,314.2722473144531,370.01470947265625,41.7554817199707,94.6090316772461
2025-06-13,196.03726196289062,290.7704772949219,212.10000610351562,286.3397216796875,200.32000732421875,354.7276306152344,257.54241943359375,63.324520111083984,142.7097625732422,117.43919372558594,610.2730712890625,352.6592712402344,209.04806518554688,273.848388671875,155.9552764892578,262.4039306640625,70.47947692871094,300.2056579589844,141.05931091308594,80.10868072509766,473.2946472167969,60.21706008911133,141.9619903564453,158.0858612060547,334.37274169921875,262.4105224609375,309.36822509765625,351.5339050292969,41.61035919189453,94.21994018554688
2025-06-16,198.0031280517578,291.1053466796875,216.10000610351562,292.7373352050781,201.6999969482422,360.0826110839844,263.0042419433594,64.7275619506836,142.82711791992188,118.97265625,624.5068969726562,351.5654602050781,208.86163330078125,278.40228271484375,154.08897399902344,267.7619323730469,69.98328399658203,294.6174011230469,143.7849578857422,80.16809844970703,477.46002197265625,61.579978942871094,144.6818389892578,158.6776580810547,334.2532958984375,264.0738220214844,305.7311706542969,354.15411376953125,41.1169548034668,94.0702896118164
2025-06-17,195.2289581298828,285.6783752441406,214.82000732421875,291.33441162109375,200.25999450683594,355.3535461425781,261.8879699707031,64.54972076416016,145.5852813720703,117.62837982177734,621.3140258789062,346.81243896484375,206.71795654296875,279.6074523925781,151.26966857910156,266.92999267578125,69.09014129638672,290.65985107421875,140.95028686523438,77.51431274414062,476.3638610839844,59.68980026245117,144.1118621826172,156.3499755859375,329.54449462890625,263.34674072265625,306.93359375,356.50531005859375,40.48810577392578,94.03038024902344
2025-06-18,196.1669921875,285.2647399902344,212.52000427246094,294.9262390136719,197.67999267578125,357.4597473144531,259.0489196777344,65.0536117553711,144.9397430419922,117.35953521728516,631.8575439453125,345.0722961425781,206.79249572753906,279.7655334472656,149.63168334960938,271.3273620605469,68.68325805664062,287.9949951171875,141.24761962890625,78.51443481445312,478.5561218261719,59.20233154296875,145.47178649902344,155.8568115234375,329.9825439453125,263.83477783203125,305.2740783691406,339.1104431152344,40.31396484375,94.86841583251953
2025-06-20,200.5777130126953,284.96923828125,209.69000244140625,297.0852966308594,198.75,358.175048828125,260.17694091796875,65.52789306640625,146.26992797851562,117.13050842285156,637.387939453125,347.647705078125,206.72726440429688,277.5527648925781,148.6985321044922,272.35736083984375,68.31607055664062,285.83721923828125,142.75416564941406,78.28668212890625,475.7261047363281,59.48088836669922,143.84188842773438,156.9022979736328,332.00341796875,263.9144592285156,300.1166076660156,337.30718994140625,40.34299087524414,95.89602661132812
2025-06-23,201.07664489746094,268.3338317871094,208.47000122070312,298.12005615234375,201.30999755859375,363.84796142578125,262.9521179199219,66.57522583007812,143.638916015625,117.25,643.4356079101562,354.9462890625,209.4674835205078,285.66290283203125,150.21739196777344,275.595947265625,69.20922088623047,287.8855895996094,146.2925567626953,79.37592315673828,484.29595947265625,60.46576690673828,144.161865234375,158.82559204101562,342.2273254394531,266.5438232421875,298.794921875,342.4678649902344,40.98151397705078,97.6419448852539
2025-06-24,199.87918090820312,273.30767822265625,212.77000427246094,306.8259582519531,200.94000244140625,370.5937805175781,270.6986389160156,67.07913970947266,140.40151977539062,118.6500015258789,658.58447265625,358.38677978515625,209.3369903564453,290.2168273925781,151.0810546875,278.5572204589844,69.67564392089844,289.8245849609375,148.54241943359375,79.53435516357422,488.3915100097656,61.10245895385742,147.8916473388672,158.16477966308594,344.13873291015625,265.0697937011719,303.7039489746094,350.3184509277344,41.24272537231445,97.77164459228516
2025-06-25,201.1365203857422,276.1246032714844,211.99000549316406,307.0348815917969,198.89999389648438,369.1631164550781,267.2945556640625,67.37555694580078,140.08853149414062,119.41999816894531,666.3031616210938,359.8186340332031,206.71795654296875,287.5200500488281,151.17039489746094,281.3302917480469,69.10005950927734,283.93798828125,146.4412078857422,78.89070892333984,490.5439758300781,60.51551055908203,154.30130004882812,156.79379272460938,342.0780029296875,259.76123046875,300.12652587890625,343.97222900390625,40.74932098388672,97.03337097167969
2025-06-26,200.5777130126953,274.90325927734375,217.1199951171875,309.85064697265625,202.5800018310547,379.3961486816406,270.26934814453125,68.12647247314453,141.27200317382812,121.45999908447266,683.5010986328125,361.44940185546875,210.9960174560547,288.37945556640625,150.90235900878906,285.9752197265625,68.94127655029297,284.0175476074219,149.42454528808594,78.05892944335938,495.705810546875,62.216670989990234,155.01126098632812,156.45846557617188,340.3358459472656,261.89263916015625,300.7227783203125,344.7393493652344,40.7299690246582,95.79624938964844
2025-06-27,200.6575469970703,272.953125,223.3000030517578,315.591552734375,214.5500030517578,382.2077331542969,272.9447326660156,67.83006286621094,140.63624572753906,122.33999633789062,687.1316528320312,366.6598205566406,213.29818725585938,286.17657470703125,151.29945373535156,284.3509826660156,69.79473114013672,289.90411376953125,150.6733856201172,78.32628631591797,494.20111083984375,71.66755676269531,157.74110412597656,157.67161560058594,344.1686096191406,262.25115966796875,307.17205810546875,347.3097229003906,40.93313980102539,97.04334259033203
2025-06-30,204.7389373779297,275.0017395019531,219.38999938964844,317.3725280761719,209.52999877929688,385.6849670410156,272.2159729003906,68.55134582519531,140.04942321777344,124.01000213623047,703.9814453125,364.5716857910156,217.05429077148438,291.19482421875,151.63697814941406,287.12408447265625,70.21153259277344,290.5206604003906,150.8914337158203,78.38570404052734,495.66595458984375,70.67272186279297,157.98109436035156,157.13900756835938,341.8191833496094,266.46417236328125,310.01416015625,353.7257080078125,41.861900329589844,97.55215454101562
2025-07-01,207.3833770751953,286.14129638671875,220.4600067138672,320.9046325683594,209.7899932861328,388.3773498535156,271.4373474121094,68.27468872070312,142.37721252441406,123.48999786376953,702.6983642578125,371.0549011230469,222.54405212402344,287.6583557128906,154.78387451171875,287.6192626953125,71.1245346069336,295.81060791015625,152.44752502441406,81.00978088378906,490.32470703125,73.03047180175781,153.29136657714844,159.01300048828125,353.70556640625,265.92633056640625,324.0953369140625,354.1441345214844,42.2585563659668,98.01107788085938
2025-07-02,211.99366760253906,292.37591552734375,219.9199981689453,323.9690856933594,212.02999877929688,395.8384704589844,268.7420349121094,67.7707748413086,144.73434448242188,122.9800033569336,712.078125,369.7522888183594,223.00074768066406,284.1515197753906,154.42649841308594,289.19403076171875,70.37032318115234,292.9667663574219,152.6061248779297,81.5841064453125,489.36810302734375,75.99506378173828,157.2411346435547,158.99327087402344,350.9281311035156,256.30517578125,305.6318054199219,352.8988037109375,42.171485900878906,97.38255310058594
2025-07-03,213.10133361816406,293.74493408203125,223.41000366210938,327.3006896972656,215.9199981689453,395.2721862792969,271.6769104003906,68.9536361694336,145.1157989501953,124.0,719.82666015625,369.583251953125,224.0632781982422,288.4189758300781,154.8732147216797,294.56787109375,70.80696868896484,292.4198303222656,151.58523559570312,80.13838958740234,497.0909423828125,75.99506378173828,159.3310089111328,158.6283416748047,352.4114074707031,263.06787109375,306.6155700683594,357.521484375,42.13278579711914,98.13080596923828
2025-07-07,209.50889587402344,288.53466796875,223.47000122070312,321.9143371582031,218.6300048828125,388.9635314941406,269.33099365234375,68.51628112792969,144.1670684814453,123.16000366210938,707.14453125,365.5660400390625,223.08462524414062,288.91290283203125,154.13861083984375,290.557373046875,70.46955871582031,291.8729553222656,150.49497985839844,80.10868835449219,495.974853515625,76.13433837890625,158.2310791015625,158.3028564453125,344.73602294921875,257.94854736328125,301.8059387207031,355.3097839355469,41.40719223022461,99.11849212646484
2025-07-08,209.5687713623047,292.52362060546875,219.36000061035156,316.1788635253906,218.52000427246094,391.7254333496094,273.17431640625,68.17831420898438,149.87899780273438,121.81999969482422,693.5672607421875,365.42681884765625,223.50405883789062,286.8878479003906,154.65481567382812,281.4118347167969,69.70541381835938,290.0234680175781,152.37815856933594,80.57408905029297,494.8786926269531,73.53783416748047,159.99098205566406,155.72857666015625,344.44732666015625,255.3590087890625,305.77093505859375,353.2275695800781,41.65873718261719,96.86376190185547
2025-07-09,210.69639587402344,292.0508728027344,222.5399932861328,316.5479431152344,226.60000610351562,399.5640869140625,270.4490661621094,68.85423278808594,149.663818359375,120.61000061035156,692.85107421875,368.9468688964844,222.4974365234375,286.61126708984375,155.14125061035156,281.7900085449219,68.95120239257812,291.3658142089844,154.5983123779297,82.89119720458984,501.74456787109375,73.17969512939453,162.87081909179688,155.36366271972656,349.9624938964844,254.29330444335938,301.0109558105469,356.4256286621094,41.2233772277832,96.58441162109375
2025-07-10,211.9637451171875,295.84283447265625,222.25999450683594,324.41796875,226.08999633789062,405.6741027832031,263.5111389160156,68.34729766845703,150.78858947753906,121.55999755859375,705.3441772460938,371.194091796875,220.67996215820312,283.9342041015625,156.5409698486328,286.7956848144531,69.2389907836914,296.7055358886719,155.92645263671875,83.19815826416016,499.7216796875,74.23421478271484,164.09075927734375,156.32037353515625,350.25115966796875,254.9606170654297,297.6322937011719,354.5526428222656,41.31971740722656,94.63896179199219
2025-07-11,210.7163543701172,290.8197021484375,225.02000427246094,318.6625671386719,226.83999633789062,403.27978515625,257.62139892578125,67.54216003417969,151.90359497070312,119.87000274658203,701.1964111328125,367.9823303222656,219.8970489501953,280.1408996582031,155.75672912597656,285.4720764160156,69.3382339477539,298.2169494628906,154.4595489501953,82.54462432861328,501.5552062988281,72.25450134277344,164.91070556640625,154.90008544921875,344.3776550292969,253.45668029785156,302.1935119628906,346.63226318359375,40.916648864746094,94.1800308227539
2025-07-14,208.1816864013672,292.55316162109375,225.69000244140625,320.1089172363281,230.50999450683594,403.1307373046875,259.22857666015625,67.4129409790039,148.3238525390625,119.97000122070312,709.5018920898438,368.0220947265625,221.8822784423828,280.3384704589844,155.6773223876953,287.30322265625,68.94127655029297,300.17584228515625,156.51121520996094,82.8515853881836,501.2562561035156,71.87646484375,164.06076049804688,151.6551055908203,342.9540710449219,254.4427032470703,298.695556640625,349.1926574707031,40.87732696533203,95.55681610107422
2025-07-15,208.67066955566406,288.101318359375,226.35000610351562,309.8648376464844,230.0,402.00811767578125,257.1322326660156,66.77677917480469,147.38491821289062,118.9800033569336,698.7694091796875,356.6168212890625,219.3098602294922,279.2617492675781,154.03933715820312,285.1636047363281,68.83211517333984,297.9285888671875,155.20289611816406,80.72261810302734,504.04644775390625,71.61781311035156,170.69036865234375,150.5898895263672,337.52850341796875,249.61219787597656,289.88116455078125,345.72564697265625,40.5627326965332,95.167724609375
2025-07-16,209.7184600830078,294.51318359375,223.19000244140625,311.1116943359375,229.89999389648438,410.19451904296875,257.5016174316406,66.96564483642578,146.63180541992188,119.81999969482422,705.0457763671875,355.3837890625,220.78248596191406,278.4912414550781,163.57931518554688,284.4371337890625,68.7427978515625,297.212646484375,156.16432189941406,81.62371826171875,503.84716796875,71.72724151611328,171.36033630371094,151.6255340576172,338.3348693847656,251.17588806152344,290.6562805175781,348.59490966796875,40.55290222167969,94.92828369140625
2025-07-17,209.57875061035156,293.7547912597656,223.8800048828125,314.552978515625,231.0,415.35076904296875,259.4282531738281,67.89006042480469,148.05978393554688,122.20999908447266,702.0816650390625,357.0145568847656,222.1712188720703,278.57025146484375,161.79241943359375,288.4974060058594,70.05274963378906,298.6743469238281,157.63119506835938,80.72261810302734,509.9058532714844,72.60269927978516,172.99024963378906,153.48965454101562,338.37469482421875,260.7572021484375,286.2640075683594,348.5052490234375,40.257972717285156,94.86841583251953
2025-07-18,210.73631286621094,290.3174133300781,226.1300048828125,307.17169189453125,229.33999633789062,411.01910400390625,261.9239196777344,67.64156341552734,146.74916076660156,121.41999816894531,704.48876953125,357.3725280761719,220.46559143066406,282.3931579589844,162.50717163085938,289.8607482910156,69.3183822631836,295.3929748535156,151.87266540527344,79.1778793334961,508.2615966796875,72.09532928466797,172.40028381347656,154.02293395996094,338.5439453125,264.9004821777344,280.8779602050781,347.7480773925781,40.14982986450195,94.82852172851562
2025-07-21,212.03358459472656,291.41064453125,229.3000030517578,302.20428466796875,229.32000732421875,408.8952331542969,261.8240661621094,67.92981719970703,146.39706420898438,120.83999633789062,702.2407836914062,361.9863586425781,219.23529052734375,281.2472839355469,163.16236877441406,289.5622253417969,69.53671264648438,294.0704650878906,151.46630859375,78.53423309326172,508.2716064453125,73.63731384277344,171.37034606933594,153.9534149169922,339.7684326171875,262.18145751953125,280.3711853027344,349.63104248046875,41.771949768066406,95.44706726074219
2025-07-22,213.9495391845703,301.0826721191406,227.47000122070312,303.371337890625,228.47999572753906,415.99481201171875,263.1318054199219,67.75090026855469,146.74916076660156,121.05999755859375,696.6805419921875,368.9170227050781,220.50286865234375,278.5307312011719,166.70635986328125,290.0199890136719,69.12983703613281,297.48114013671875,149.86065673828125,80.81173706054688,503.4983825683594,75.00023651123047,167.0205841064453,157.2205810546875,338.5439453125,265.70721435546875,283.3424377441406,350.5475769042969,42.234004974365234,95.62664794921875
2025-07-23,213.7000732421875,304.5594482421875,228.2899932861328,307.8798828125,233.8800048828125,426.3650207519531,266.7554931640625,68.20813751220703,149.76161193847656,122.94000244140625,713.699462890625,374.2268981933594,223.0100860595703,278.58013916015625,167.8678436279297,295.32421875,68.6336441040039,296.4370422363281,149.48402404785156,83.15856170654297,504.09625244140625,76.35320281982422,170.77037048339844,157.18084716796875,341.4010925292969,263.6754150390625,290.6761779785156,353.96484375,42.116031646728516,95.45704650878906
2025-07-24,213.31089782714844,303.8995666503906,232.22999572753906,307.4709167480469,231.27000427246094,428.28948974609375,267.23468017578125,67.88011932373047,152.41217041015625,121.94999694824219,715.3505859375,370.98529052734375,209.2251434326172,257.34161376953125,168.32447814941406,295.1152038574219,68.57408905029297,292.8175964355469,147.97747802734375,83.28728485107422,509.0887451171875,75.03007507324219,173.73020935058594,157.70716857910156,338.6833190917969,260.93646240234375,276.8334655761719,352.6497497558594,42.35197830200195,96.3749008178711
2025-07-25,213.43064880371094,301.959228515625,231.44000244140625,310.8224182128906,233.05999755859375,432.50738525390625,268.6421813964844,68.27771759033203,151.4438934326172,121.47000122070312,725.098388671875,373.22259521484375,209.00144958496094,256.56121826171875,167.07366943359375,297.1752014160156,68.64356231689453,296.7850646972656,149.93003845214844,83.88141632080078,511.9088439941406,75.87567901611328,173.49021911621094,157.20071411132812,338.5738220214844,260.000244140625,279.2979431152344,355.70831298828125,42.35197830200195,97.24288177490234
2025-07-28,213.6002960205078,296.7489929199219,232.7899932861328,309.9546203613281,236.41000366210938,431.69970703125,269.78021240234375,67.51233673095703,152.852294921875,120.37000274658203,719.7968139648438,375.1019592285156,209.7843780517578,260.0087585449219,165.00881958007812,296.83685302734375,67.57177734375,297.5308532714844,150.703125,83.2377700805664,510.7030334472656,78.83032989501953,176.7400360107422,156.0189666748047,334.6514892578125,253.88494873046875,280.3512878417969,354.1441345214844,41.64414596557617,97.38255310058594
2025-07-29,210.8261260986328,298.9847717285156,231.00999450683594,307.76019287109375,226.0800018310547,428.8179626464844,266.9252014160156,67.5521011352539,153.5858612060547,119.91000366210938,728.0824584960938,375.2113037109375,206.6527099609375,259.218505859375,166.8850555419922,295.6028747558594,68.85195922851562,300.96136474609375,150.44541931152344,81.82176208496094,510.7727966308594,77.92503356933594,175.50009155273438,155.52244567871094,335.4578552246094,258.77520751953125,259.4332580566406,349.979736328125,41.98822784423828,98.10087585449219
2025-07-30,208.6107940673828,296.8277587890625,230.19000244140625,302.6431579589844,225.83999633789062,432.8763122558594,264.34967041015625,67.87017822265625,150.19195556640625,119.54000091552734,726.8590087890625,369.9809875488281,207.06280517578125,257.09466552734375,166.04122924804688,298.1803283691406,68.22676086425781,301.8960266113281,145.3212127685547,80.95037078857422,511.4404296875,76.2835693359375,179.25990295410156,151.81834411621094,330.4902648925781,257.87884521484375,264.3721008300781,349.6011657714844,41.88008499145508,97.36259460449219
2025-07-31,207.1339111328125,290.65228271484375,234.11000061035156,298.55352783203125,221.83999633789062,436.76513671875,257.88092041015625,67.67137908935547,148.31407165527344,119.11000061035156,719.7371826171875,365.436767578125,207.23989868164062,250.07110595703125,163.53961181640625,294.80670166015625,67.37329864501953,298.37603759765625,147.89817810058594,77.35588073730469,531.62939453125,74.3038558959961,177.85997009277344,149.42507934570312,329.39520263671875,259.1935119628906,247.99542236328125,344.18145751953125,42.037384033203125,97.75169372558594
2025-08-01,201.95480346679688,292.40545654296875,214.75,293.5262451171875,221.89999389648438,427.4618835449219,250.30413818359375,66.70719909667969,148.07933044433594,116.58999633789062,705.7918090820312,371.5520935058594,202.91519165039062,247.0088348388672,166.11073303222656,287.969970703125,68.33592224121094,301.1801452636719,143.13079833984375,78.51443481445312,522.2722778320312,74.23421478271484,173.710205078125,149.60382080078125,341.86895751953125,257.28125,236.2793426513672,338.0842590332031,42.155357360839844,98.260498046875
2025-08-04,202.9227752685547,297.3891906738281,211.64999389648438,297.8353271484375,222.33999633789062,432.45751953125,251.8813934326172,68.07891845703125,147.7272186279297,119.3499984741211,722.1641845703125,378.67169189453125,205.78590393066406,248.91534423828125,169.79368591308594,292.8363037109375,68.4351577758789,302.5125732421875,146.5601348876953,79.078857421875,533.7619018554688,74.43318176269531,179.98985290527344,149.7130584716797,346.2890319824219,261.9424133300781,239.46920776367188,340.8738098144531,42.22417449951172,99.3579330444336
2025-08-05,202.49366760253906,295.55718994140625,213.75,295.8902893066406,224.86000061035156,432.98602294921875,247.05978393554688,67.11473846435547,149.68336486816406,118.31999969482422,717.0713500976562,383.2358093261719,206.0375518798828,247.62127685546875,169.4958953857422,289.96026611328125,68.52447509765625,297.0833740234375,148.76048278808594,79.99976348876953,525.8995361328125,73.99545288085938,178.24993896484375,149.4647979736328,350.510009765625,264.10369873046875,249.4263916015625,336.17144775390625,41.94890213012695,99.0785903930664
2025-08-06,212.8019561767578,280.3794860839844,222.30999755859375,294.7930603027344,225.0399932861328,426.4946594238281,248.7368621826172,68.79459381103516,149.4290771484375,115.16999816894531,720.8809814453125,384.6179504394531,204.3319091796875,249.21170043945312,169.3469696044922,289.9403991699219,68.98097229003906,305.9231872558594,149.48402404785156,78.6629638671875,523.0994262695312,75.08977508544922,179.40988159179688,151.79849243164062,349.1561279296875,266.5039978027344,244.23912048339844,338.4728088378906,41.63431167602539,103.11915588378906
2025-08-07,219.56771850585938,280.4090576171875,223.1300048828125,293.985107421875,227.3300018310547,415.9250183105469,240.46127319335938,69.48045349121094,149.80075073242188,112.87999725341797,715.9075927734375,383.99151611328125,201.8619842529297,247.1174774169922,170.28012084960938,285.5517272949219,69.89397430419922,306.1717834472656,150.3958740234375,79.58386993408203,519.0137939453125,73.96560668945312,180.7598114013672,152.4241180419922,348.3597106933594,264.29290771484375,243.13607788085938,330.8513488769531,42.22417449951172,102.87971496582031
2025-08-08,228.86813354492188,283.8858337402344,222.69000244140625,296.6782531738281,229.1199951171875,415.32672119140625,240.0919189453125,71.35911560058594,151.61016845703125,112.43000030517578,717.4295043945312,385.66204833984375,201.61033630371094,240.94154357910156,172.0670166015625,287.3629150390625,69.80464935302734,303.7256774902344,151.9420623779297,79.90074157714844,520.2095947265625,73.80644226074219,182.689697265625,152.4439697265625,350.5797119140625,263.8049011230469,249.3170928955078,335.52386474609375,42.42079544067383,103.48829650878906
2025-08-11,226.95997619628906,280.79315185546875,221.3000030517578,295.4813232421875,225.9600067138672,407.3695983886719,232.27552795410156,70.24583435058594,150.08438110351562,112.55000305175781,715.4102783203125,385.3438415527344,201.7408447265625,235.0042724609375,172.55345153808594,288.1590270996094,70.21153259277344,302.6418151855469,153.9342498779297,79.2471923828125,519.9405517578125,73.63731384277344,182.0497283935547,153.9037628173828,352.9888000488281,263.1973571777344,250.7877960205078,334.64715576171875,42.450286865234375,103.68782806396484
2025-08-12,229.42758178710938,280.684814453125,221.47000122070312,302.44366455078125,232.61000061035156,411.52764892578125,231.25730895996094,70.95156860351562,151.0526580810547,113.72000122070312,739.4217529296875,393.76605224609375,202.26278686523438,233.482666015625,171.52101135253906,291.4331359863281,70.17183685302734,299.93719482421875,156.45175170898438,79.51455688476562,527.3843383789062,74.51277160644531,183.14967346191406,154.01300048828125,356.48309326171875,262.8686828613281,259.9301452636719,336.0743103027344,42.51910400390625,103.37854766845703
2025-08-13,233.10403442382812,284.96923828125,224.55999755859375,306.09442138671875,233.3699951171875,412.51483154296875,236.6179656982422,69.97745513916016,152.4512939453125,116.63999938964844,740.7247924804688,404.8829650878906,204.80726623535156,238.7536163330078,173.14906311035156,289.1243591308594,69.92374420166016,303.3478088378906,158.7809295654297,81.9009780883789,518.7546997070312,76.80087280273438,181.5797576904297,154.33078002929688,367.17486572265625,268.2170715332031,270.1059265136719,341.8728332519531,42.97132873535156,100.75466918945312
2025-08-14,232.5545654296875,285.914794921875,230.97999572753906,306.9522399902344,233.19000244140625,416.3039245605469,232.96432495117188,68.8840560913086,151.7568817138672,116.30999755859375,743.221435546875,398.0616760253906,203.3719024658203,235.80982971191406,173.44688415527344,292.7367858886719,69.02067565917969,307.2059326171875,155.2623748779297,81.95049285888672,520.6480102539062,75.99506378173828,182.00973510742188,152.67237854003906,363.92950439453125,267.50994873046875,269.7879333496094,344.8070068359375,42.76487731933594,100.61499786376953
2025-08-15,231.36570739746094,292.0016174316406,231.02999877929688,304.69793701171875,235.25999450683594,406.62176513671875,242.01856994628906,65.80265808105469,153.11639404296875,115.38999938964844,726.8291625976562,397.1269836425781,203.09083557128906,238.405517578125,175.35289001464844,289.08453369140625,69.38784790039062,307.1860046386719,151.0401153564453,83.38630676269531,518.3461303710938,76.57206726074219,180.4398193359375,153.28807067871094,363.5503845214844,264.5220031738281,302.10406494140625,343.7890319824219,43.492374420166016,100.0
2025-08-18,230.66639709472656,288.2096252441406,231.49000549316406,306.2739562988281,232.41000366210938,411.4578552246094,243.5458984375,66.54815673828125,151.91336059570312,116.55000305175781,727.0679321289062,392.473388671875,202.7441864013672,238.13699340820312,174.96572875976562,290.1195068359375,68.60386657714844,306.95733642578125,151.5059356689453,83.39620971679688,515.286865234375,77.0296859741211,181.99972534179688,154.6386260986328,358.0133361816406,263.8547058105469,306.55596923828125,342.06243896484375,43.63983917236328,100.69999694824219
2025-08-19,230.3367156982422,291.0954895019531,228.00999450683594,305.32635498046875,225.0,414.8979797363281,245.57237243652344,66.35930633544922,150.32115173339844,116.2699966430664,717.5388793945312,404.90289306640625,203.06272888183594,239.95697021484375,176.5044403076172,289.25372314453125,69.59625244140625,309.1747131347656,152.9728240966797,84.0992660522461,507.98260498046875,76.48252868652344,175.63009643554688,157.3000030517578,367.0721740722656,267.788818359375,302.3326110839844,341.7730407714844,44.1805419921875,101.29000091552734
2025-08-20,225.79110717773438,291.98193359375,223.80999755859375,307.62054443359375,225.6199951171875,419.38507080078125,246.02159118652344,66.70719909667969,151.5276641845703,117.04000091552734,716.8425903320312,399.4736633300781,203.3063201904297,241.22000122070312,177.536865234375,290.8260803222656,70.16191101074219,311.3125915527344,153.37921142578125,83.8319091796875,503.9468078613281,75.86573791503906,175.39010620117188,158.4022979736328,366.2740478515625,273.28662109375,297.960205078125,343.2500915527344,44.29851531982422,102.56999969482422
2025-08-21,224.68218994140625,291.3023376464844,221.9499969482422,307.3911437988281,224.4600067138672,416.6928405761719,245.40267944335938,66.61773681640625,153.83193969726562,116.20999908447266,712.1378173828125,395.45648193359375,203.6998291015625,238.08726501464844,177.62620544433594,290.059814453125,70.12222290039062,311.4518127441406,153.01248168945312,85.2380142211914,503.2980041503906,75.78614807128906,174.97012329101562,157.62771606445312,363.01165771484375,273.8144836425781,301.4482116699219,343.0105895996094,44.269020080566406,97.95999908447266
2025-08-22,227.53941345214844,291.6399230957031,228.83999633789062,318.3533630371094,230.1199951171875,434.421875,247.85838317871094,66.91593933105469,156.43287658691406,118.86000061035156,737.939697265625,410.4613342285156,208.76841735839844,240.7625274658203,177.98358154296875,294.80670166015625,69.59625244140625,312.2970275878906,157.3140411376953,86.5154037475586,506.2824401855469,77.97477722167969,177.97996520996094,157.56813049316406,372.0605163574219,275.1789855957031,305.4927062988281,349.3480224609375,43.68899154663086,96.83000183105469
2025-08-25,226.94000244140625,286.4270935058594,227.94000244140625,315.0018310546875,226.8699951171875,431.0615234375,247.43911743164062,66.73702239990234,156.45266723632812,117.70999908447266,734.856201171875,406.59326171875,206.6885223388672,238.1171112060547,177.11000061035156,293.47320556640625,68.40538787841797,311.6705627441406,155.18319702148438,84.47554779052734,503.3179931640625,78.76068878173828,179.79986572265625,155.0656280517578,366.14434814453125,271.2448425292969,302.94873046875,348.13043212890625,43.482540130615234,96.06999969482422
2025-08-26,229.08792114257812,287.5292053222656,228.7100067138672,319.7897033691406,234.8300018310547,430.0245056152344,243.31631469726562,67.9795150756836,155.6219482421875,117.6500015258789,744.9620971679688,405.240966796875,208.51547241210938,241.29957580566406,176.49000549316406,297.1254577636719,68.20691680908203,311.17340087890625,155.90011596679688,84.15867614746094,501.1021423339844,78.2433853149414,181.75975036621094,154.8868865966797,365.6055908203125,269.8006896972656,298.5465087890625,350.4857482910156,43.21710205078125,96.05000305175781
2025-08-27,230.26678466796875,285.9306335449219,229.1199951171875,321.6449890136719,235.6199951171875,431.43048095703125,249.7251434326172,68.02922058105469,157.48118591308594,118.08999633789062,745.67822265625,405.9369812011719,207.28814697265625,243.4974365234375,176.7899932861328,297.8320007324219,68.30615234375,309.6719055175781,155.8602752685547,83.24767303466797,505.7933349609375,77.65642547607422,181.5897674560547,155.87002563476562,366.54339599609375,271.1153869628906,301.9748840332031,349.65740966796875,43.52186584472656,96.08000183105469
2025-08-28,232.33477783203125,283.58734130859375,231.60000610351562,326.1635437011719,236.16000366210938,433.6640625,254.08753967285156,69.01327514648438,157.560302734375,117.63999938964844,747.219970703125,405.1514587402344,207.3818359375,244.382568359375,175.4499969482422,299.6133728027344,67.83972930908203,310.45745849609375,156.8858642578125,82.39608764648438,508.68792724609375,77.51715087890625,180.1598358154297,154.56910705566406,365.32623291015625,269.1931457519531,300.39483642578125,349.1683654785156,43.1876106262207,96.11000061035156
2025-08-29,231.91517639160156,285.6724548339844,229.0,330.4427185058594,234.67999267578125,417.83953857421875,255.8045654296875,68.6753158569336,158.82615661621094,118.37999725341797,745.25,404.47528076171875,205.6485595703125,242.1548614501953,177.1699981689453,299.961669921875,68.46492767333984,311.77001953125,154.86456298828125,83.29718780517578,505.7434387207031,76.97000122070312,174.170166015625,155.94944763183594,364.97705078125,270.418212890625,307.92730712890625,351.0845947265625,43.482540130615234,96.9800033569336
2025-09-02,229.49752807617188,284.8880920410156,225.33999633789062,330.34295654296875,237.3800048828125,414.8580627441406,252.4204559326172,67.39306640625,160.04257202148438,118.2699966430664,730.8499755859375,404.01788330078125,203.86846923828125,240.17576599121094,178.05999755859375,298.25,68.53439331054688,315.760009765625,153.60995483398438,84.64389038085938,504.1763610839844,74.29000091552734,170.77037048339844,156.8928680419922,360.0785217285156,272.25079345703125,306.864013671875,349.3779602050781,43.05980682373047,97.8499984741211
2025-09-03,238.2390594482422,281.8398132324219,225.99000549316406,322.891845703125,232.3800048828125,413.9307556152344,256.00421142578125,67.26383972167969,156.314208984375,117.37999725341797,730.5599975585938,405.40997314453125,200.4956512451172,242.76150512695312,178.0,298.0609130859375,68.46492767333984,316.3900146484375,151.3496551513672,83.35659790039062,504.40594482421875,74.73999786376953,170.61038208007812,157.0716094970703,362.18359375,275.43792724609375,305.9497985839844,350.1763916015625,43.000823974609375,99.44000244140625
2025-09-04,239.5477752685547,278.1163635253906,235.67999267578125,329.8143005371094,230.75,419.0161437988281,243.58583068847656,67.58191680908203,155.94830322265625,118.80999755859375,748.9000244140625,411.69000244140625,201.5824432373047,245.82461547851562,178.75999450683594,302.3500671386719,67.73056030273438,316.989990234375,154.85459899902344,83.22787475585938,507.02105712890625,75.3499984741211,171.65032958984375,158.08453369140625,364.92718505859375,278.30633544921875,308.43414306640625,350.296142578125,43.433387756347656,100.93000030517578
2025-09-05,239.45787048339844,281.6313171386719,232.3300018310547,325.3955078125,229.61000061035156,421.867919921875,250.3240966796875,66.49846649169922,151.9628143310547,117.91000366210938,738.2100219726562,418.95001220703125,200.72987365722656,247.16720581054688,178.42999267578125,292.9557189941406,67.4427719116211,314.3800048828125,154.6355438232422,83.88141632080078,494.0752868652344,73.91000366210938,167.01058959960938,158.9087677001953,371.5616760253906,274.11328125,313.4127197265625,342.54150390625,43.630008697509766,100.51000213623047
2025-09-08,237.64962768554688,278.20574951171875,235.83999633789062,324.5875549316406,230.9499969482422,421.5688171386719,251.83148193359375,66.47857666015625,152.29905700683594,118.83999633789062,741.8499755859375,419.94000244140625,201.1983184814453,254.68576049804688,178.1300048828125,291.4928283691406,66.91680145263672,312.79998779296875,153.3411102294922,83.2674789428711,497.2693176269531,74.1500015258789,168.30050659179688,157.90577697753906,374.35516357421875,273.3762512207031,318.24224853515625,341.6233215332031,42.587921142578125,102.27999877929688
2025-09-09,234.123046875,277.9873046875,238.24000549316406,323.520263671875,229.52000427246094,416.8922424316406,251.62184143066406,66.9358139038086,153.13967895507812,117.37000274658203,763.9199829101562,415.3399963378906,200.68301391601562,257.6891784667969,176.9600067138672,296.408935546875,67.3435287475586,312.5199890136719,152.425048828125,83.78239440917969,497.4789123535156,73.5999984741211,170.7503662109375,158.3526611328125,360.5374450683594,272.4499816894531,345.7388000488281,343.3099670410156,42.83369445800781,102.29000091552734
2025-09-10,226.5703582763672,276.5376281738281,230.3300018310547,322.53277587890625,227.52000427246094,421.69842529296875,242.14834594726562,67.72107696533203,156.04718017578125,115.79000091552734,769.5800170898438,413.2300109863281,198.34078979492188,255.471435546875,175.7899932861328,299.0859375,67.3038330078125,305.94000244140625,152.91294860839844,83.20806884765625,499.43524169921875,74.25,177.32000732421875,156.25730895996094,356.6166076660156,272.3299865722656,344.6059265136719,337.4515686035156,42.75505065917969,100.41000366210938
2025-09-11,229.80722045898438,280.7277526855469,229.9499969482422,328.4876708984375,219.99000549316406,430.1441650390625,245.8518829345703,67.28372192382812,156.50210571289062,117.08000183105469,784.72998046875,423.4200134277344,201.7229766845703,255.60072326660156,178.5,304.0816345214844,67.10536193847656,308.42999267578125,158.78770446777344,84.3171157836914,500.0740661621094,74.33000183105469,177.1699981689453,157.52842712402344,367.8204040527344,279.42999267578125,351.3930969238281,342.81097412109375,43.39406204223633,102.6500015258789
2025-09-12,233.84332275390625,274.4326477050781,228.14999389648438,324.48779296875,215.94000244140625,430.28375244140625,242.33799743652344,66.13068389892578,155.3747100830078,115.95999908447266,780.0599975585938,422.69000244140625,198.11593627929688,252.05029296875,178.05999755859375,305.42510986328125,66.5,305.3999938964844,157.19454956054688,82.0,508.94744873046875,73.0,177.82000732421875,156.80348205566406,359.26043701171875,278.92999267578125,350.3000183105469,338.7590026855469,43.22693634033203,103.48999786376953
2025-09-15,236.47076416015625,272.45672607421875,231.42999267578125,326.4328918457031,215.75,434.69110107421875,242.0984344482422,66.61773681640625,155.57249450683594,115.62000274658203,786.760009765625,422.7099914550781,198.37826538085938,254.83493041992188,177.39999389648438,307.40545654296875,66.20999908447266,302.07000732421875,155.98973083496094,81.0199966430664,514.397216796875,73.02999877929688,177.75,155.7409210205078,356.2474670410156,276.29998779296875,347.8900146484375,338.3797302246094,43.128623962402344,103.69000244140625
2025-09-16,237.9193572998047,271.14605712890625,234.0500030517578,326.21343994140625,215.02000427246094,439.4075622558594,238.8939971923828,66.52828216552734,157.77786254882812,115.2300033569336,785.530029296875,421.45001220703125,197.6381072998047,256.10791015625,176.4600067138672,307.6940612792969,66.23999786376953,303.2900085449219,155.83041381835938,81.08999633789062,508.08905029296875,72.75,174.8800048828125,156.95245361328125,352.37652587890625,271.95001220703125,339.7799987792969,339.3578186035156,43.000823974609375,103.41999816894531
2025-09-17,238.75856018066406,272.7645263671875,231.6199951171875,335.1507873535156,214.6300048828125,449.3689270019531,242.2100067138672,67.31353759765625,158.32179260253906,116.0999984741211,794.219970703125,417.0,198.32205200195312,257.65936279296875,177.1999969482422,310.2416687011719,67.04000091552734,304.9700012207031,154.4961395263672,81.13999938964844,509.06719970703125,72.30999755859375,170.2899932861328,159.21661376953125,349.39349365234375,275.0299987792969,341.6099853515625,345.515625,43.4628791809082,104.2699966430664
2025-09-18,237.64962768554688,273.8765869140625,231.22999572753906,340.80645751953125,215.66000366210938,465.6222229003906,244.27999877929688,68.26777648925781,157.08558654785156,114.86000061035156,804.3099975585938,417.4800109863281,196.93544006347656,263.5469055175781,174.16000366210938,311.71453857421875,66.45999908447266,301.1400146484375,154.735107421875,81.52999877929688,507.5001525878906,72.0999984741211,176.24000549316406,156.22752380371094,348.7449951171875,277.8999938964844,334.82000732421875,337.511474609375,42.932003021240234,103.5999984741211
2025-09-19,245.26223754882812,283.3887634277344,231.47999572753906,340.2578430175781,215.64999389648438,465.2034606933594,247.08999633789062,67.80059814453125,154.48464965820312,113.76000213623047,805.0,415.69000244140625,196.15780639648438,264.939208984375,176.19000244140625,313.25701904296875,66.43000030517578,302.3800048828125,155.92999267578125,81.51000213623047,516.96240234375,70.88999938964844,176.6699981689453,154.95639038085938,345.9914245605469,277.0,336.69000244140625,340.9346618652344,42.745216369628906,102.33000183105469
2025-09-22,255.8319854736328,283.9745788574219,227.6300048828125,340.11822509765625,212.08999633789062,470.7475280761719,249.69000244140625,67.3433609008789,154.326416015625,112.55999755859375,805.5599975585938,412.0,195.81117248535156,269.8819580078125,174.2100067138672,310.9283447265625,66.20999908447266,302.989990234375,153.2017059326172,80.4000015258789,513.4889526367188,71.27999877929688,183.61000061035156,152.0070343017578,345.60235595703125,276.1099853515625,341.29998779296875,343.6792297363281,42.430625915527344,102.81999969482422
2025-09-23,254.18359375,284.7788391113281,220.7100067138672,340.6069641113281,216.33999633789062,469.909912109375,244.55999755859375,67.1346206665039,155.6812744140625,112.25,806.3200073242188,410.9100036621094,196.1016082763672,270.7471923828125,176.5800018310547,311.22686767578125,66.70999908447266,303.19000244140625,155.62130737304688,79.95999908447266,508.2787170410156,70.93000030517578,178.42999267578125,151.44097900390625,343.6469421386719,276.260009765625,347.69000244140625,338.03045654296875,42.61741256713867,102.5199966430664
2025-09-24,252.06564331054688,277.24261474609375,220.2100067138672,339.6194763183594,215.10000610351562,468.4441223144531,245.88999938964844,66.91593933105469,157.4218292236328,113.43000030517578,792.4299926757812,409.7699890136719,195.43641662597656,266.0630187988281,176.69000244140625,311.90362548828125,66.44999694824219,304.3299865722656,153.93853759765625,79.66999816894531,509.19696044921875,71.22000122070312,176.97000122070312,151.36154174804688,342.1603698730469,276.6600036621094,351.80999755859375,338.0104675292969,42.450286865234375,102.7300033569336
2025-09-25,256.6212158203125,269.259521484375,218.14999389648438,339.3202209472656,213.52999877929688,462.3915100097656,240.9499969482422,67.44275665283203,158.94483947753906,112.98999786376953,794.760009765625,407.45001220703125,194.59320068359375,279.8967590332031,177.72999572753906,311.9334716796875,65.9800033569336,302.29998779296875,152.37525939941406,77.5999984741211,506.0827941894531,69.23999786376953,177.69000244140625,151.09341430664062,339.30706787109375,274.2200012207031,345.55999755859375,334.26788330078125,42.61741256713867,103.05000305175781
2025-09-26,255.2126007080078,271.04681396484375,219.77999877929688,340.8164367675781,221.25999450683594,464.4256896972656,243.42999267578125,66.81654357910156,158.39102172851562,113.47000122070312,802.510009765625,410.0899963378906,195.05227661132812,282.7510070800781,179.7100067138672,314.53082275390625,65.66999816894531,305.239990234375,152.15618896484375,78.55999755859375,510.5045166015625,69.30999755859375,178.19000244140625,151.44097900390625,341.11285400390625,277.760009765625,344.0799865722656,336.70306396484375,42.87302017211914,103.16000366210938
2025-09-29,254.18359375,272.02978515625,222.1699981689453,341.44482421875,217.0800018310547,470.2589111328125,245.10000610351562,67.31353759765625,154.37586975097656,114.77999877929688,804.1199951171875,406.79998779296875,196.07350158691406,278.2657470703125,181.6199951171875,314.1626281738281,66.04000091552734,302.989990234375,153.42076110839844,78.58000183105469,513.6386108398438,69.55000305175781,181.85000610351562,152.46383666992188,342.1204833984375,276.5,345.17999267578125,339.487548828125,42.51910400390625,103.08000183105469
2025-09-30,254.38340759277344,280.2015075683594,219.57000732421875,331.32049560546875,215.8300018310547,475.7830505371094,237.0,68.00933837890625,153.57479858398438,114.5,796.3499755859375,405.19000244140625,197.2165069580078,280.6128234863281,185.4199981689453,313.90386962890625,66.31999969482422,303.8900146484375,154.51605224609375,83.93000030517578,516.982421875,69.7300033569336,186.5800018310547,152.58299255371094,345.45269775390625,279.2200012207031,345.29998779296875,340.70513916015625,43.207275390625,103.05999755859375
2025-10-01,255.20260620117188,296.3860778808594,220.6300048828125,327.7295837402344,215.1999969482422,479.4425354003906,235.69000244140625,68.33735656738281,152.87265014648438,112.94999694824219,785.510009765625,397.0199890136719,196.9167022705078,284.9190673828125,186.0500030517578,309.2066955566406,66.77999877929688,300.5199890136719,155.33255004882812,90.12999725341797,518.7391357421875,74.19999694824219,187.24000549316406,152.1162567138672,340.4244384765625,277.239990234375,348.29998779296875,347.1423645019531,43.08930206298828,101.95999908447266
2025-10-02,256.8809814453125,295.2938537597656,222.41000366210938,329.6447448730469,217.42999267578125,489.16461181640625,238.8800048828125,67.89999389648438,151.67601013183594,112.13999938964844,779.3800048828125,395.010009765625,197.69432067871094,285.1477966308594,185.97999572753906,306.0619812011719,66.0999984741211,299.8800048828125,158.12057495117188,89.51000213623047,514.7765502929688,74.56999969482422,188.88999938964844,150.99411010742188,343.09820556640625,280.0400085449219,353.7200012207031,345.26611328125,42.666568756103516,101.69999694824219
2025-10-03,257.7701110839844,295.7803955078125,219.50999450683594,329.40533447265625,216.3000030517578,496.4237365722656,240.36000061035156,67.91999816894531,151.85403442382812,112.47000122070312,789.97998046875,395.05999755859375,195.85800170898438,286.78875732421875,188.63999938964844,308.5299987792969,66.6500015258789,300.9800109863281,157.98117065429688,89.19000244140625,516.3834838867188,71.93000030517578,187.6199951171875,151.21258544921875,345.7919006347656,284.55999755859375,360.20001220703125,349.1484069824219,42.932003021240234,102.06999969482422
2025-10-06,256.44140625,292.0370788574219,220.89999389648438,331.1509094238281,219.72999572753906,493.9608154296875,245.77999877929688,68.91000366210938,152.31883239746094,112.75,796.780029296875,389.3299865722656,195.81117248535156,287.8330078125,188.16000366210938,309.17999267578125,66.0999984741211,296.0400085449219,155.26283264160156,88.80000305175781,527.5825805664062,71.16999816894531,185.5399932861328,149.36550903320312,336.12451171875,282.7300109863281,358.7699890136719,348.58953857421875,40.739688873291016,102.69999694824219
2025-10-07,256.23162841796875,293.447021484375,221.77999877929688,327.1410827636719,221.82000732421875,485.3156433105469,239.74000549316406,68.98999786376953,153.19900512695312,112.52999877929688,789.6500244140625,386.80999755859375,195.7924346923828,292.25860595703125,188.88999938964844,307.69000244140625,66.79000091552734,296.32000732421875,154.66542053222656,87.61000061035156,523.0010986328125,68.91000366210938,185.0399932861328,151.48069763183594,336.21429443359375,284.9700012207031,363.6600036621094,351.72332763671875,40.70036697387695,103.23999786376953
2025-10-08,257.8100891113281,292.5335388183594,225.22000122070312,323.0015869140625,225.32000732421875,500.6814880371094,240.42999267578125,70.33000183105469,152.04193115234375,111.88999938964844,776.510009765625,383.7900085449219,196.60752868652344,287.8727722167969,189.69000244140625,304.0299987792969,66.12000274658203,294.3999938964844,155.33255004882812,86.4000015258789,523.8695068359375,69.08999633789062,189.11000061035156,149.6435546875,336.782958984375,282.760009765625,369.9200134277344,350.6654052734375,40.62171936035156,102.9000015258789
2025-10-09,253.79396057128906,293.3377990722656,227.74000549316406,323.6199951171875,216.0,498.9265441894531,245.3300018310547,69.95999908447266,149.96511840820312,110.98999786376953,779.9600219726562,377.69000244140625,191.34217834472656,286.6495361328125,191.0800018310547,305.5299987792969,66.37000274658203,293.80999755859375,152.2259063720703,87.5,521.4241333007812,68.05999755859375,192.57000732421875,149.53431701660156,332.443115234375,274.4100036621094,367.69000244140625,346.3539733886719,40.1400032043457,101.7699966430664
2025-10-10,245.032470703125,288.0753479003906,216.3699951171875,316.260009765625,210.72999572753906,489.8924865722656,241.67999267578125,67.94000244140625,147.25538635253906,109.19000244140625,764.3599853515625,375.75,188.231689453125,276.2966003417969,190.72000122070312,300.8900146484375,67.04000091552734,297.010009765625,148.1135711669922,85.98999786376953,510.0054626464844,65.22000122070312,183.16000366210938,148.65049743652344,332.0340576171875,270.1199951171875,354.5,342.97064208984375,39.849998474121094,101.83999633789062
2025-10-13,247.42015075683594,290.3292541503906,220.07000732421875,323.1199951171875,215.55999755859375,503.31396484375,248.75,67.45999908447266,150.26181030273438,110.2699966430664,786.780029296875,379.3699951171875,190.10546875,275.69989013671875,190.89999389648438,307.9700012207031,66.80000305175781,300.1099853515625,150.45352172851562,85.69999694824219,513.0896606445312,67.37999725341797,188.32000732421875,146.4657745361328,331.38555908203125,270.3800048828125,358.6600036621094,342.621337890625,39.75,102.12000274658203
2025-10-14,247.53004455566406,291.7690124511719,216.38999938964844,332.8500061035156,214.3000030517578,525.9588623046875,239.77000427246094,68.66000366210938,150.7068328857422,111.16999816894531,770.760009765625,387.7200012207031,195.44577026367188,274.6357421875,190.85000610351562,302.0799865722656,67.51000213623047,304.55999755859375,151.8773956298828,84.69999694824219,512.610595703125,67.63999938964844,180.02999877929688,148.12417602539062,334.4883117675781,275.6400146484375,359.92999267578125,347.6913146972656,40.54999923706055,107.20999908447266
2025-10-15,249.09852600097656,295.21441650390625,215.57000732421875,330.6600036621094,214.0,532.52001953125,236.5800018310547,69.5199966430664,150.429931640625,111.70999908447266,767.9299926757812,388.29998779296875,189.72134399414062,279.2105407714844,191.1699981689453,305.69000244140625,67.08000183105469,305.25,152.81336975097656,84.11000061035156,512.4708251953125,68.45999908447266,179.8300018310547,146.39625549316406,331.9542541503906,269.45001220703125,361.1499938964844,345.0066223144531,40.380001068115234,109.02999877929688
2025-10-16,247.21035766601562,293.7151184082031,214.47000122070312,323.1199951171875,211.88999938964844,539.4102783203125,246.0,69.08999633789062,150.0343475341797,109.87999725341797,758.0900268554688,387.3900146484375,190.3490753173828,274.4567565917969,192.1199951171875,298.5400085449219,67.58999633789062,305.3299865722656,150.76219177246094,83.91999816894531,510.65423583984375,66.83999633789062,181.80999755859375,148.56112670898438,330.68719482421875,261.57000732421875,356.6700134277344,334.7369689941406,40.36000061035156,106.47000122070312
2025-10-17,252.045654296875,296.6938781738281,213.0399932861328,346.6199951171875,212.94000244140625,525.5700073242188,243.0800018310547,70.12999725341797,151.38922119140625,110.66999816894531,750.77001953125,391.8999938964844,190.15231323242188,279.7376403808594,193.22000122070312,297.55999755859375,68.44000244140625,308.0899963378906,151.98692321777344,84.79000091552734,512.62060546875,67.37000274658203,183.22000122070312,150.34861755371094,329.9688720703125,262.010009765625,356.6000061035156,341.2141418457031,40.54999923706055,107.7300033569336
2025-10-20,261.98602294921875,301.1818542480469,216.47999572753906,349.4800109863281,216.82000732421875,531.1799926757812,254.27999877929688,70.6500015258789,152.77374267578125,111.95999908447266,763.3200073242188,388.8900146484375,193.02859497070312,282.0946350097656,193.72000122070312,302.3599853515625,68.44000244140625,307.7699890136719,154.11776733398438,86.31999969482422,515.8245239257812,67.62000274658203,182.63999938964844,150.9047393798828,330.46771240234375,265.25,364.4800109863281,343.7291564941406,40.79999923706055,107.05000305175781
2025-10-21,262.5155029296875,299.00738525390625,222.02999877929688,355.2200012207031,217.25999450683594,524.6500244140625,263.4100036621094,70.72000122070312,152.09136962890625,114.30000305175781,758.97998046875,390.8999938964844,195.8861083984375,280.5033874511719,191.8800048828125,297.0899963378906,71.22000122070312,307.4800109863281,165.92701721191406,87.62000274658203,516.6929321289062,68.36000061035156,181.16000366210938,150.5670928955078,337.65093994140625,269.3399963378906,365.3699951171875,346.52362060546875,40.29999923706055,106.22000122070312
2025-10-22,258.19970703125,293.8839111328125,217.9499969482422,352.0,216.58999633789062,513.9099731445312,256.6400146484375,70.66000366210938,153.85171508789062,113.08000183105469,744.5999755859375,388.9700012207031,193.5719757080078,285.9334716796875,192.94000244140625,294.1099853515625,70.80999755859375,310.1099853515625,166.51449584960938,87.61000061035156,519.5675659179688,69.08000183105469,180.27999877929688,151.14306640625,333.0317077636719,268.489990234375,361.489990234375,344.67724609375,39.79999923706055,107.13999938964844
2025-10-23,259.3285827636719,290.8157958984375,221.08999633789062,354.92999267578125,217.77000427246094,520.5,255.0500030517578,70.2699966430664,154.83078002929688,113.02999877929688,750.780029296875,385.0299987792969,206.74473571777344,283.4372253417969,192.47000122070312,294.5400085449219,69.94000244140625,306.9700012207031,170.86581420898438,87.18000030517578,519.5875244140625,69.68000030517578,182.16000366210938,151.1529998779297,330.9765319824219,269.1000061035156,360.45001220703125,345.2760925292969,38.400001525878906,106.86000061035156
2025-10-24,262.56549072265625,289.6938171386719,224.2100067138672,357.55999755859375,221.35000610351562,522.72998046875,254.8300018310547,70.62999725341797,153.84182739257812,111.68000030517578,783.8800048828125,386.67999267578125,202.50059509277344,305.7740783691406,190.39999389648438,300.44000244140625,69.70999908447266,305.7900085449219,167.77906799316406,87.48999786376953,522.6318359375,69.11000061035156,186.25999450683594,152.49000549316406,333.2212829589844,269.8900146484375,362.5,346.69329833984375,38.81999969482422,106.16999816894531
2025-10-27,268.5496520996094,289.0980529785156,226.97000122070312,361.6700134277344,223.0,527.0700073242188,255.47000122070312,71.38999938964844,153.56491088867188,112.33999633789062,789.989990234375,385.2699890136719,201.4981231689453,311.3731994628906,190.3000030517578,304.1499938964844,70.05999755859375,310.0,167.6794891357422,88.0,530.527099609375,68.58999633789062,191.49000549316406,151.74000549316406,335.2964172363281,270.3399963378906,365.9800109863281,347.1324157714844,39.22999954223633,104.47000122070312
2025-10-28,268.7394714355469,290.0214538574219,229.25,361.0299987792969,223.3300018310547,524.469970703125,254.25999450683594,72.62000274658203,152.42762756347656,111.6500015258789,792.0900268554688,385.75,200.87977600097656,310.8560791015625,186.92999267578125,305.3599853515625,70.16000366210938,306.3999938964844,166.1162109375,87.02999877929688,541.057373046875,67.43000030517578,201.02999877929688,151.3699951171875,353.6236267089844,268.1300048828125,367.8399963378906,346.2142333984375,39.31999969482422,103.16999816894531
2025-10-29,269.4388122558594,289.7037048339844,230.3000030517578,358.2200012207031,213.5800018310547,585.489990234375,251.4600067138672,71.33000183105469,153.3869171142578,110.23999786376953,783.0599975585938,378.0400085449219,199.4556884765625,306.51995849609375,186.60000610351562,305.510009765625,68.3499984741211,302.3500061035156,163.92562866210938,86.58000183105469,540.538330078125,65.3499984741211,207.0399932861328,148.77000427246094,344.9239501953125,267.9100036621094,355.260009765625,340.6053466796875,40.209999084472656,102.45999908447266
2025-10-30,271.13714599609375,289.9320983886719,222.86000061035156,358.8800048828125,200.0800018310547,583.1500244140625,256.6499938964844,72.91000366210938,151.82435607910156,111.83999633789062,790.1599731445312,379.54998779296875,198.9185791015625,308.3598327636719,189.0500030517578,309.44000244140625,68.9800033569336,302.42999267578125,165.7378387451172,86.27999877929688,524.77783203125,64.9000015258789,202.88999938964844,149.5800018310547,347.0888671875,271.010009765625,344.75,344.3479309082031,38.959999084472656,102.2300033569336
2025-10-31,270.108154296875,296.3165588378906,244.22000122070312,360.7300109863281,201.02000427246094,577.260009765625,260.4100036621094,73.11000061035156,155.97796630859375,112.62000274658203,789.3699951171875,379.5899963378906,200.13131713867188,305.724365234375,188.8699951171875,311.1199951171875,68.9000015258789,298.42999267578125,165.78762817382812,85.9800033569336,516.8426513671875,64.58999633789062,202.49000549316406,150.3699951171875,344.1357727050781,268.6199951171875,341.55999755859375,340.06640625,39.7400016784668,101.18000030517578
2025-11-03,268.7894287109375,294.2016296386719,254.0,361.6199951171875,204.5500030517578,570.5900268554688,261.3399963378906,74.44999694824219,152.33860778808594,112.12000274658203,785.52001953125,378.3500061035156,196.59251403808594,303.0590515136719,186.25999450683594,309.3500061035156,67.97000122070312,296.3699951171875,161.49606323242188,82.48999786376953,516.0641479492188,62.650001525878906,206.8800048828125,148.02000427246094,344.83416748046875,267.6600036621094,333.7900085449219,336.2340087890625,39.470001220703125,101.58999633789062
2025-11-04,269.7784729003906,294.59881591796875,249.32000732421875,360.489990234375,198.0500030517578,547.5800170898438,254.44000244140625,72.31999969482422,151.69578552246094,111.47000122070312,790.8300170898438,383.0799865722656,195.29031372070312,299.2003173828125,186.86000061035156,309.25,68.66000366210938,299.2099914550781,159.9029083251953,83.86000061035156,513.3692016601562,61.22999954223633,198.69000244140625,147.1699981689453,342.18035888671875,277.2799987792969,330.8299865722656,339.62725830078125,39.31999969482422,102.2699966430664
2025-11-05,269.8783874511719,317.59478759765625,250.1999969482422,365.79998779296875,197.6199951171875,569.1500244140625,252.67999267578125,72.0999984741211,150.97386169433594,111.36000061035156,793.0900268554688,373.8399963378906,195.87680053710938,305.0878601074219,186.0,311.67999267578125,68.51000213623047,305.6700134277344,163.61695861816406,84.38999938964844,506.2125549316406,62.11000061035156,195.2100067138672,145.7899932861328,334.9871520996094,276.6499938964844,327.739990234375,339.3677978515625,39.689998626708984,101.47000122070312
2025-11-06,269.50872802734375,313.35504150390625,243.0399932861328,365.7300109863281,196.5,569.780029296875,239.27000427246094,71.04000091552734,151.25076293945312,110.48999786376953,787.5800170898438,369.07000732421875,194.74359130859375,310.7068786621094,186.97000122070312,313.4200134277344,69.05999755859375,298.4100036621094,163.1489715576172,85.77999877929688,496.1713562011719,61.88999938964844,188.0800018310547,146.1300048828125,332.882080078125,276.260009765625,321.55999755859375,336.29388427734375,39.81999969482422,101.68000030517578
2025-11-07,268.2099914550781,317.9324035644531,244.41000366210938,368.5400085449219,194.61000061035156,563.0999755859375,239.8800048828125,71.06999969482422,153.30780029296875,110.73999786376953,786.3400268554688,371.1099853515625,192.91455078125,304.70001220703125,186.57000732421875,314.2099914550781,70.55000305175781,299.6600036621094,164.1347198486328,86.27999877929688,495.8918762207031,61.09000015258789,188.14999389648438,146.97999572753906,339.3669128417969,279.80999755859375,324.2099914550781,335.3557434082031,40.029998779296875,102.58999633789062
2025-11-10,269.42999267578125,321.3678894042969,248.39999389648438,367.8800048828125,194.80999755859375,570.8499755859375,241.7100067138672,72.08999633789062,153.9308319091797,112.23999786376953,797.2000122070312,370.42999267578125,194.9026336669922,309.1300048828125,188.41000366210938,316.8900146484375,70.5199966430664,299.1000061035156,166.95262145996094,86.75,505.0547180175781,60.79999923706055,199.0500030517578,145.5,341.7513427734375,282.3900146484375,321.5799865722656,334.18804931640625,39.849998474121094,102.41999816894531
2025-11-11,275.25,336.05316162109375,249.10000610351562,370.1600036621094,195.2100067138672,567.9299926757812,244.5,71.70999908447266,154.51431274414062,114.8499984741211,810.3099975585938,374.239990234375,199.216796875,313.7200012207031,193.8300018310547,315.6199951171875,71.61000061035156,306.8299865722656,167.94833374023438,90.94999694824219,507.7297058105469,63.150001525878906,193.16000366210938,148.5399932861328,344.2754211425781,286.0199890136719,327.45001220703125,338.2500305175781,40.70000076293945,103.44000244140625
2025-11-12,273.4700012207031,333.89849853515625,244.1999969482422,372.7699890136719,195.5,573.02001953125,246.02000427246094,73.95999908447266,151.62657165527344,116.6500015258789,838.969970703125,371.1300048828125,200.38975524902344,314.9800109863281,194.38999938964844,320.4100036621094,71.51000213623047,306.94000244140625,170.3480224609375,91.44999694824219,510.1851501464844,64.19999694824219,193.8000030517578,148.00999450683594,343.9162902832031,286.1300048828125,339.05999755859375,338.8800048828125,40.79999923706055,103.44000244140625
2025-11-13,272.95001220703125,333.6204833984375,237.5800018310547,364.7300109863281,194.5800018310547,553.5499877929688,240.42999267578125,77.37999725341797,153.86160278320312,107.61000061035156,805.5,368.07000732421875,198.67999267578125,304.8599853515625,195.25,309.4800109863281,71.06999969482422,307.5799865722656,169.88998413085938,92.93000030517578,502.34979248046875,66.02999877929688,186.86000061035156,147.9600067138672,338.04998779296875,287.4200134277344,332.5199890136719,336.0799865722656,41.11000061035156,102.54000091552734
2025-11-14,272.4100036621094,334.3552551269531,234.69000244140625,357.17999267578125,194.52000427246094,554.030029296875,243.66000366210938,78.0,155.8790740966797,105.80000305175781,790.9099731445312,362.3599853515625,199.0399932861328,305.69000244140625,195.92999267578125,303.6099853515625,71.16000366210938,307.0299987792969,167.5800018310547,92.91999816894531,509.2268981933594,64.16999816894531,190.1699981689453,147.6699981689453,332.17999267578125,287.2900085449219,321.8599853515625,330.0199890136719,41.060001373291016,102.4800033569336
2025-11-17,267.4599914550781,339.2900390625,232.8699951171875,341.25,191.80999755859375,552.0499877929688,237.02999877929688,77.77999877929688,153.11000061035156,105.69000244140625,775.5599975585938,358.0299987792969,196.0800018310547,297.1700134277344,199.5800018310547,300.3699951171875,70.68000030517578,304.8999938964844,165.38999938964844,92.86000061035156,506.54193115234375,62.900001525878906,186.60000610351562,145.82000732421875,326.80999755859375,284.510009765625,320.5199890136719,325.75,41.0099983215332,102.94999694824219
2025-11-18,267.44000244140625,341.55389404296875,222.5500030517578,340.6600036621094,189.6300048828125,546.8800048828125,233.5,77.37000274658203,153.6199951171875,106.27999877929688,776.2999877929688,336.4800109863281,191.4499969482422,289.95001220703125,200.0,299.4100036621094,71.22000122070312,304.5899963378906,165.7899932861328,96.43000030517578,492.8675537109375,62.4900016784668,181.36000061035156,146.99000549316406,323.8299865722656,286.8500061035156,313.5799865722656,321.17999267578125,41.47999954223633,101.38999938964844
2025-11-19,268.55999755859375,339.97515869140625,222.69000244140625,344.6400146484375,185.6999969482422,553.1099853515625,227.8800048828125,78.38999938964844,151.6999969482422,104.66999816894531,785.989990234375,334.5,190.57000732421875,288.5299987792969,202.50999450683594,303.2699890136719,71.11000061035156,302.739990234375,166.5800018310547,95.05000305175781,486.2099914550781,62.63999938964844,186.52000427246094,146.99000549316406,329.7799987792969,285.4700012207031,309.0899963378906,324.1199951171875,41.189998626708984,100.61000061035156
2025-11-20,266.25,333.69000244140625,217.13999938964844,343.79998779296875,179.3800048828125,546.1300048828125,225.3699951171875,75.44000244140625,150.30999755859375,102.69999694824219,773.7000122070312,332.3800048828125,188.13999938964844,290.3999938964844,203.07000732421875,298.3800048828125,71.20999908447266,304.1600036621094,164.61000061035156,94.97000122070312,478.42999267578125,61.43000030517578,180.63999938964844,148.19000244140625,328.010009765625,287.8500061035156,311.5400085449219,323.7699890136719,40.7599983215332,107.11000061035156
